{"cameraMode":{"drawMode":0,"name":"Shaded","section":"Shading Mode"},"sceneLighting":false,"audioPlay":false,"sceneViewState":{"showFog":true,"showMaterialUpdate":true,"showSkybox":false,"showFlares":true,"showImageEffects":true,"showParticleSystems":true},"in2DMode":false,"pivot":{"x":42.30617904663086,"y":-2.801891326904297,"z":1103.0438232421875},"rotation":{"x":-0.23284129798412324,"y":0.41631773114204409,"z":-0.1112527921795845,"w":-0.8718817830085754},"size":133.00753784179688,"orthographic":false}