{"cameraMode":{"drawMode":0,"name":"Shaded","section":"Shading Mode"},"sceneLighting":false,"audioPlay":false,"sceneViewState":{"showFog":true,"showMaterialUpdate":true,"showSkybox":false,"showFlares":true,"showImageEffects":true,"showParticleSystems":true},"in2DMode":false,"pivot":{"x":184.1675567626953,"y":0.6643995046615601,"z":1109.385498046875},"rotation":{"x":-0.16865859925746919,"y":0.019211335107684137,"z":-0.003290656255558133,"w":-0.9854962825775147},"size":10.216277122497559,"orthographic":false}