{"cameraMode":{"drawMode":0,"name":"Shaded","section":"Shading Mode"},"sceneLighting":false,"audioPlay":false,"sceneViewState":{"showFog":true,"showMaterialUpdate":true,"showSkybox":false,"showFlares":true,"showImageEffects":true,"showParticleSystems":true},"in2DMode":false,"pivot":{"x":183.66598510742188,"y":0.8750805854797363,"z":1086.7452392578125},"rotation":{"x":-0.009828222915530205,"y":0.7072843313217163,"z":-0.009699424728751183,"w":-0.706932783126831},"size":3.6841869354248049,"orthographic":false}