{"cameraMode":{"drawMode":0,"name":"Shaded","section":"Shading Mode"},"sceneLighting":false,"audioPlay":false,"sceneViewState":{"showFog":true,"showMaterialUpdate":true,"showSkybox":false,"showFlares":true,"showImageEffects":true,"showParticleSystems":true},"in2DMode":false,"pivot":{"x":134.89569091796876,"y":0.9703830480575562,"z":1089.0169677734375},"rotation":{"x":-0.16865859925746919,"y":0.019211335107684137,"z":-0.003290656255558133,"w":-0.9854962825775147},"size":27.00442123413086,"orthographic":false}