{"cameraMode":{"drawMode":0,"name":"Shaded","section":"Shading Mode"},"sceneLighting":true,"audioPlay":false,"sceneViewState":{"showFog":true,"showMaterialUpdate":true,"showSkybox":true,"showFlares":true,"showImageEffects":true,"showParticleSystems":true},"in2DMode":false,"pivot":{"x":107.64038848876953,"y":1.1241741180419922,"z":1077.87744140625},"rotation":{"x":-0.33809012174606326,"y":0.025376513600349428,"z":-0.009244333021342755,"w":-0.9407995343208313},"size":29.0609130859375,"orthographic":false}