{"cameraMode":{"drawMode":0,"name":"Shaded","section":"Shading Mode"},"sceneLighting":false,"audioPlay":false,"sceneViewState":{"showFog":true,"showMaterialUpdate":true,"showSkybox":false,"showFlares":true,"showImageEffects":true,"showParticleSystems":true},"in2DMode":false,"pivot":{"x":450.5646667480469,"y":309.008544921875,"z":5.351931571960449},"rotation":{"x":-0.056760236620903018,"y":0.5344653725624085,"z":0.035873547196388248,"w":0.8425816297531128},"size":22.86307144165039,"orthographic":false}