{"cameraMode":{"drawMode":0,"name":"Shaded","section":"Shading Mode"},"sceneLighting":false,"audioPlay":false,"sceneViewState":{"showFog":true,"showMaterialUpdate":true,"showSkybox":false,"showFlares":true,"showImageEffects":true,"showParticleSystems":true},"in2DMode":false,"pivot":{"x":184.9537353515625,"y":0.9026291966438294,"z":1087.803955078125},"rotation":{"x":-0.22853364050388337,"y":0.6963973641395569,"z":-0.25164544582366946,"w":-0.6322031617164612},"size":3.7185630798339845,"orthographic":false}