{"cameraMode":{"drawMode":0,"name":"Shaded","section":"Shading Mode"},"sceneLighting":false,"audioPlay":false,"sceneViewState":{"showFog":true,"showMaterialUpdate":true,"showSkybox":false,"showFlares":true,"showImageEffects":true,"showParticleSystems":true},"in2DMode":false,"pivot":{"x":174.97279357910157,"y":0.5163646340370178,"z":1067.031494140625},"rotation":{"x":-0.027548938989639283,"y":0.4719814658164978,"z":0.014624148607254029,"w":0.8811182379722595},"size":10.18762493133545,"orthographic":false}